-- phpMyAdmin SQL Dump
-- version 5.2.1
-- https://www.phpmyadmin.net/
--
-- Host: 127.0.0.1
-- Generation Time: Apr 15, 2026 at 05:10 AM
-- Server version: 10.4.32-MariaDB
-- PHP Version: 8.2.12

SET SQL_MODE = "NO_AUTO_VALUE_ON_ZERO";
START TRANSACTION;
SET time_zone = "+00:00";


/*!40101 SET @OLD_CHARACTER_SET_CLIENT=@@CHARACTER_SET_CLIENT */;
/*!40101 SET @OLD_CHARACTER_SET_RESULTS=@@CHARACTER_SET_RESULTS */;
/*!40101 SET @OLD_COLLATION_CONNECTION=@@COLLATION_CONNECTION */;
/*!40101 SET NAMES utf8mb4 */;

--
-- Database: `asetra_manna_kampus`
--

-- --------------------------------------------------------

--
-- Table structure for table `approvals`
--

CREATE TABLE `approvals` (
  `id` bigint(20) UNSIGNED NOT NULL,
  `ref_type` enum('PR','PO') NOT NULL,
  `ref_id` bigint(20) UNSIGNED NOT NULL,
  `rule_id` bigint(20) UNSIGNED NOT NULL,
  `status` enum('PENDING','APPROVED','REJECTED','CANCELLED') NOT NULL DEFAULT 'PENDING',
  `created_at` timestamp NOT NULL DEFAULT current_timestamp()
) ENGINE=InnoDB DEFAULT CHARSET=utf8mb4 COLLATE=utf8mb4_general_ci;

--
-- Dumping data for table `approvals`
--

INSERT INTO `approvals` (`id`, `ref_type`, `ref_id`, `rule_id`, `status`, `created_at`) VALUES
(1, 'PR', 1, 1, 'PENDING', '2026-04-13 07:28:36');

-- --------------------------------------------------------

--
-- Table structure for table `approval_histories`
--

CREATE TABLE `approval_histories` (
  `id` bigint(20) UNSIGNED NOT NULL,
  `approval_id` bigint(20) UNSIGNED NOT NULL,
  `task_id` bigint(20) UNSIGNED DEFAULT NULL,
  `ref_type` enum('PR','PO') NOT NULL,
  `ref_id` bigint(20) UNSIGNED NOT NULL,
  `action` enum('CREATED','APPROVED','REJECTED','REVISION_REQUESTED','DELEGATED','ESCALATED','CANCELLED') NOT NULL,
  `actor_user_id` int(11) NOT NULL,
  `actor_role_id` bigint(20) UNSIGNED DEFAULT NULL,
  `note` text DEFAULT NULL,
  `created_at` timestamp NOT NULL DEFAULT current_timestamp()
) ENGINE=InnoDB DEFAULT CHARSET=utf8mb4 COLLATE=utf8mb4_general_ci;

--
-- Dumping data for table `approval_histories`
--

INSERT INTO `approval_histories` (`id`, `approval_id`, `task_id`, `ref_type`, `ref_id`, `action`, `actor_user_id`, `actor_role_id`, `note`, `created_at`) VALUES
(1, 1, NULL, 'PR', 1, 'CREATED', 1, NULL, 'Approval flow generated by system', '2026-04-14 05:15:11'),
(5, 1, 1, 'PR', 1, 'APPROVED', 1, 1, 'OK lanjut', '2026-04-14 05:17:14');

-- --------------------------------------------------------

--
-- Table structure for table `approval_rules`
--

CREATE TABLE `approval_rules` (
  `id` bigint(20) UNSIGNED NOT NULL,
  `name` varchar(150) NOT NULL,
  `is_active` tinyint(1) NOT NULL DEFAULT 1,
  `min_amount` decimal(18,2) NOT NULL DEFAULT 0.00,
  `max_amount` decimal(18,2) DEFAULT NULL,
  `location_scope` enum('STORE','HO','ANY') NOT NULL DEFAULT 'ANY',
  `spend_type` enum('OPEX','CAPEX','ANY') NOT NULL DEFAULT 'ANY',
  `urgent_level` enum('NORMAL','URGENT','EMERGENCY','ANY') NOT NULL DEFAULT 'ANY',
  `created_at` timestamp NOT NULL DEFAULT current_timestamp()
) ENGINE=InnoDB DEFAULT CHARSET=utf8mb4 COLLATE=utf8mb4_general_ci;

--
-- Dumping data for table `approval_rules`
--

INSERT INTO `approval_rules` (`id`, `name`, `is_active`, `min_amount`, `max_amount`, `location_scope`, `spend_type`, `urgent_level`, `created_at`) VALUES
(1, 'OPEX <= 25jt : Store Manager -> Finance Manager', 1, 0.00, 25000000.00, 'STORE', 'OPEX', 'ANY', '2026-04-13 07:15:09'),
(2, 'CAPEX > 25jt : Store Manager -> Finance -> GM', 1, 25000000.01, NULL, 'STORE', 'CAPEX', 'ANY', '2026-04-13 07:15:40');

-- --------------------------------------------------------

--
-- Table structure for table `approval_rule_steps`
--

CREATE TABLE `approval_rule_steps` (
  `id` bigint(20) UNSIGNED NOT NULL,
  `rule_id` bigint(20) UNSIGNED NOT NULL,
  `step_order` int(11) NOT NULL,
  `role_id` bigint(20) UNSIGNED NOT NULL,
  `scope` enum('STORE','HO') NOT NULL DEFAULT 'STORE',
  `is_parallel` tinyint(1) NOT NULL DEFAULT 0,
  `is_required` tinyint(1) NOT NULL DEFAULT 1,
  `created_at` timestamp NOT NULL DEFAULT current_timestamp()
) ENGINE=InnoDB DEFAULT CHARSET=utf8mb4 COLLATE=utf8mb4_general_ci;

--
-- Dumping data for table `approval_rule_steps`
--

INSERT INTO `approval_rule_steps` (`id`, `rule_id`, `step_order`, `role_id`, `scope`, `is_parallel`, `is_required`, `created_at`) VALUES
(1, 1, 1, 3, 'STORE', 0, 1, '2026-04-13 07:15:30'),
(2, 1, 2, 6, 'HO', 0, 1, '2026-04-13 07:15:30'),
(3, 2, 1, 3, 'STORE', 0, 1, '2026-04-13 07:15:56'),
(4, 2, 2, 6, 'HO', 0, 1, '2026-04-13 07:15:56'),
(5, 2, 3, 7, 'HO', 0, 1, '2026-04-13 07:15:56');

-- --------------------------------------------------------

--
-- Table structure for table `approval_tasks`
--

CREATE TABLE `approval_tasks` (
  `id` bigint(20) UNSIGNED NOT NULL,
  `approval_id` bigint(20) UNSIGNED NOT NULL,
  `step_order` int(11) NOT NULL,
  `role_id` bigint(20) UNSIGNED NOT NULL,
  `scope` enum('STORE','HO') NOT NULL,
  `assigned_user_id` int(11) NOT NULL,
  `status` enum('WAITING','APPROVED','REJECTED','SKIPPED') NOT NULL DEFAULT 'WAITING',
  `comment` text DEFAULT NULL,
  `acted_at` timestamp NULL DEFAULT NULL,
  `created_at` timestamp NOT NULL DEFAULT current_timestamp()
) ENGINE=InnoDB DEFAULT CHARSET=utf8mb4 COLLATE=utf8mb4_general_ci;

--
-- Dumping data for table `approval_tasks`
--

INSERT INTO `approval_tasks` (`id`, `approval_id`, `step_order`, `role_id`, `scope`, `assigned_user_id`, `status`, `comment`, `acted_at`, `created_at`) VALUES
(1, 1, 1, 3, 'STORE', 1, 'APPROVED', 'OK', '2026-04-13 07:30:21', '2026-04-13 07:28:53');

-- --------------------------------------------------------

--
-- Table structure for table `attachments`
--

CREATE TABLE `attachments` (
  `id` bigint(20) UNSIGNED NOT NULL,
  `ref_type` enum('PR','PO','GR','INVOICE','PAYMENT') NOT NULL,
  `ref_id` bigint(20) UNSIGNED NOT NULL,
  `file_path` varchar(255) NOT NULL,
  `file_name` varchar(180) NOT NULL,
  `mime_type` varchar(100) DEFAULT NULL,
  `file_size` bigint(20) UNSIGNED DEFAULT NULL,
  `uploaded_by` int(11) NOT NULL,
  `created_at` timestamp NOT NULL DEFAULT current_timestamp()
) ENGINE=InnoDB DEFAULT CHARSET=utf8mb4 COLLATE=utf8mb4_general_ci;

--
-- Dumping data for table `attachments`
--

INSERT INTO `attachments` (`id`, `ref_type`, `ref_id`, `file_path`, `file_name`, `mime_type`, `file_size`, `uploaded_by`, `created_at`) VALUES
(1, 'PR', 1, 'storage/attachments/pr/2026/04/foto_ac_rusak.jpg', 'foto_ac_rusak.jpg', 'image/jpeg', 245678, 1, '2026-04-15 03:07:57'),
(2, 'GR', 1, 'storage/attachments/gr/2026/04/do_vendor.pdf', 'DO_vendor_PO_MK4.pdf', 'application/pdf', 512000, 1, '2026-04-15 03:07:57'),
(3, 'INVOICE', 1, 'storage/attachments/invoice/2026/04/invoice_scan.pdf', 'INV-SIT-0001.pdf', 'application/pdf', 890000, 1, '2026-04-15 03:07:57'),
(4, 'PR', 1, 'storage/attachments/pr/2026/04/foto_ac_rusak.jpg', 'foto_ac_rusak.jpg', 'image/jpeg', 245678, 1, '2026-04-15 03:08:17'),
(5, 'GR', 1, 'storage/attachments/gr/2026/04/do_vendor.pdf', 'DO_vendor_PO_MK4.pdf', 'application/pdf', 512000, 1, '2026-04-15 03:08:17'),
(6, 'INVOICE', 1, 'storage/attachments/invoice/2026/04/invoice_scan.pdf', 'INV-SIT-0001.pdf', 'application/pdf', 890000, 1, '2026-04-15 03:08:17');

-- --------------------------------------------------------

--
-- Table structure for table `audit_logs`
--

CREATE TABLE `audit_logs` (
  `id` bigint(20) UNSIGNED NOT NULL,
  `ref_type` enum('PR','PO','GR','INVOICE','PAYMENT','APPROVAL') NOT NULL,
  `ref_id` bigint(20) UNSIGNED NOT NULL,
  `action` varchar(80) NOT NULL,
  `message` text DEFAULT NULL,
  `actor_user_id` int(11) NOT NULL,
  `ip_address` varchar(45) DEFAULT NULL,
  `user_agent` varchar(255) DEFAULT NULL,
  `created_at` timestamp NOT NULL DEFAULT current_timestamp()
) ENGINE=InnoDB DEFAULT CHARSET=utf8mb4 COLLATE=utf8mb4_general_ci;

--
-- Dumping data for table `audit_logs`
--

INSERT INTO `audit_logs` (`id`, `ref_type`, `ref_id`, `action`, `message`, `actor_user_id`, `ip_address`, `user_agent`, `created_at`) VALUES
(7, 'PR', 1, 'SUBMIT', 'PR disubmit untuk service AC', 1, '10.10.10.5', 'Chrome/147', '2026-04-15 03:08:17'),
(8, 'APPROVAL', 1, 'APPROVE', 'Store Manager approve', 1, '10.10.10.6', 'Chrome/147', '2026-04-15 03:08:17'),
(9, 'PO', 1, 'CREATE', 'PO dibuat dari PR', 1, '10.10.10.7', 'Chrome/147', '2026-04-15 03:08:17'),
(10, 'GR', 1, 'RECEIVE_GOODS', 'Barang diterima sebagian (printer & UPS)', 1, '10.10.10.5', 'Chrome/147', '2026-04-15 03:08:17'),
(11, 'INVOICE', 1, 'RECEIVED', 'Invoice masuk dari vendor', 1, '10.10.10.7', 'Chrome/147', '2026-04-15 03:08:17'),
(12, 'PAYMENT', 1, 'PAID', 'Pembayaran berhasil via transfer', 1, '10.10.10.7', 'Chrome/147', '2026-04-15 03:08:17');

-- --------------------------------------------------------

--
-- Table structure for table `budgets`
--

CREATE TABLE `budgets` (
  `id` bigint(20) UNSIGNED NOT NULL,
  `fiscal_year` int(11) NOT NULL,
  `period_type` enum('MONTHLY','QUARTERLY','YEARLY') NOT NULL DEFAULT 'MONTHLY',
  `period_key` varchar(10) NOT NULL,
  `store_id` int(11) DEFAULT NULL,
  `division_id` int(11) DEFAULT NULL,
  `gl_account_id` int(11) NOT NULL,
  `amount` decimal(18,2) NOT NULL DEFAULT 0.00,
  `created_at` timestamp NOT NULL DEFAULT current_timestamp(),
  `updated_at` timestamp NOT NULL DEFAULT current_timestamp() ON UPDATE current_timestamp()
) ENGINE=InnoDB DEFAULT CHARSET=utf8mb4 COLLATE=utf8mb4_general_ci;

--
-- Dumping data for table `budgets`
--

INSERT INTO `budgets` (`id`, `fiscal_year`, `period_type`, `period_key`, `store_id`, `division_id`, `gl_account_id`, `amount`, `created_at`, `updated_at`) VALUES
(1, 2026, 'MONTHLY', '2026-03', 4, 1, 1, 2000000.00, '2026-04-10 04:23:11', '2026-04-10 04:23:11'),
(2, 2026, 'MONTHLY', '2026-03', 4, 1, 2, 10000000.00, '2026-04-10 04:23:11', '2026-04-10 04:23:11'),
(3, 2026, 'YEARLY', '2026', NULL, 2, 3, 200000000.00, '2026-04-10 04:23:11', '2026-04-10 04:23:11');

-- --------------------------------------------------------

--
-- Table structure for table `budget_usages`
--

CREATE TABLE `budget_usages` (
  `id` bigint(20) UNSIGNED NOT NULL,
  `budget_id` bigint(20) UNSIGNED NOT NULL,
  `ref_type` enum('PR','PO','INVOICE') NOT NULL,
  `ref_id` bigint(20) UNSIGNED NOT NULL,
  `used_amount` decimal(18,2) NOT NULL DEFAULT 0.00,
  `note` varchar(255) DEFAULT NULL,
  `created_at` timestamp NOT NULL DEFAULT current_timestamp()
) ENGINE=InnoDB DEFAULT CHARSET=utf8mb4 COLLATE=utf8mb4_general_ci;

--
-- Dumping data for table `budget_usages`
--

INSERT INTO `budget_usages` (`id`, `budget_id`, `ref_type`, `ref_id`, `used_amount`, `note`, `created_at`) VALUES
(1, 2, 'PO', 101, 3000000.00, 'Service AC MK4', '2026-04-10 04:23:19'),
(2, 2, 'PO', 102, 4000000.00, 'Perbaikan listrik MK4', '2026-04-10 04:23:19'),
(3, 3, 'PO', 201, 50000000.00, 'Beli PC Kasir (CAPEX)', '2026-04-10 04:23:19');

-- --------------------------------------------------------

--
-- Table structure for table `divisions`
--

CREATE TABLE `divisions` (
  `id` int(11) NOT NULL,
  `division_code` varchar(20) NOT NULL,
  `division_name` varchar(100) NOT NULL
) ENGINE=InnoDB DEFAULT CHARSET=utf8mb4 COLLATE=utf8mb4_general_ci;

--
-- Dumping data for table `divisions`
--

INSERT INTO `divisions` (`id`, `division_code`, `division_name`) VALUES
(1, 'OPS', 'Operational'),
(2, 'IT', 'Information Technology'),
(3, 'GA', 'General Affair'),
(4, 'FIN', 'Finance');

-- --------------------------------------------------------

--
-- Table structure for table `gl_accounts`
--

CREATE TABLE `gl_accounts` (
  `id` int(11) NOT NULL,
  `gl_code` varchar(30) NOT NULL,
  `gl_name` varchar(150) NOT NULL,
  `spend_type` enum('OPEX','CAPEX') NOT NULL,
  `is_active` tinyint(1) NOT NULL DEFAULT 1,
  `created_at` timestamp NOT NULL DEFAULT current_timestamp(),
  `updated_at` timestamp NOT NULL DEFAULT current_timestamp() ON UPDATE current_timestamp()
) ENGINE=InnoDB DEFAULT CHARSET=utf8mb4 COLLATE=utf8mb4_general_ci;

--
-- Dumping data for table `gl_accounts`
--

INSERT INTO `gl_accounts` (`id`, `gl_code`, `gl_name`, `spend_type`, `is_active`, `created_at`, `updated_at`) VALUES
(1, '5101', 'ATK & Stationery', 'OPEX', 1, '2026-04-09 05:33:31', '2026-04-09 05:33:31'),
(2, '5202', 'Maintenance & Repair', 'OPEX', 1, '2026-04-09 05:33:31', '2026-04-09 05:33:31'),
(3, '1501', 'Asset - Computer & IT Equipment', 'CAPEX', 1, '2026-04-09 05:33:31', '2026-04-09 05:33:31');

-- --------------------------------------------------------

--
-- Table structure for table `goods_receipts`
--

CREATE TABLE `goods_receipts` (
  `id` bigint(20) UNSIGNED NOT NULL,
  `gr_number` varchar(30) NOT NULL,
  `po_id` bigint(20) UNSIGNED NOT NULL,
  `received_date` date NOT NULL,
  `received_by` int(11) NOT NULL,
  `notes` text DEFAULT NULL,
  `status` enum('DRAFT','POSTED') NOT NULL DEFAULT 'POSTED',
  `created_at` timestamp NOT NULL DEFAULT current_timestamp()
) ENGINE=InnoDB DEFAULT CHARSET=utf8mb4 COLLATE=utf8mb4_general_ci;

--
-- Dumping data for table `goods_receipts`
--

INSERT INTO `goods_receipts` (`id`, `gr_number`, `po_id`, `received_date`, `received_by`, `notes`, `status`, `created_at`) VALUES
(1, 'GR-MK4-2026-0001', 1, '2026-04-07', 1, 'Barang datang sebagian: printer & UPS', 'POSTED', '2026-04-14 07:30:21'),
(2, 'GR-MK4-2026-0002', 1, '2026-04-10', 1, 'Sisa barang datang: PC Kasir', 'POSTED', '2026-04-14 07:31:10');

-- --------------------------------------------------------

--
-- Table structure for table `goods_receipt_items`
--

CREATE TABLE `goods_receipt_items` (
  `id` bigint(20) UNSIGNED NOT NULL,
  `gr_id` bigint(20) UNSIGNED NOT NULL,
  `po_item_id` bigint(20) UNSIGNED NOT NULL,
  `qty_received` decimal(18,2) NOT NULL DEFAULT 0.00,
  `qty_rejected` decimal(18,2) NOT NULL DEFAULT 0.00,
  `condition_note` varchar(255) DEFAULT NULL,
  `created_at` timestamp NOT NULL DEFAULT current_timestamp()
) ENGINE=InnoDB DEFAULT CHARSET=utf8mb4 COLLATE=utf8mb4_general_ci;

--
-- Dumping data for table `goods_receipt_items`
--

INSERT INTO `goods_receipt_items` (`id`, `gr_id`, `po_item_id`, `qty_received`, `qty_rejected`, `condition_note`, `created_at`) VALUES
(1, 1, 2, 1.00, 0.00, 'Baik', '2026-04-14 07:30:42'),
(2, 1, 3, 1.00, 0.00, 'Baik', '2026-04-14 07:30:42');

-- --------------------------------------------------------

--
-- Table structure for table `invoices`
--

CREATE TABLE `invoices` (
  `id` bigint(20) UNSIGNED NOT NULL,
  `vendor_id` bigint(20) UNSIGNED NOT NULL,
  `po_id` bigint(20) UNSIGNED NOT NULL,
  `invoice_number` varchar(50) NOT NULL,
  `invoice_date` date NOT NULL,
  `amount` decimal(18,2) NOT NULL DEFAULT 0.00,
  `status` enum('RECEIVED','MATCHED','DISPUTED','APPROVED_FOR_PAYMENT','PAID') NOT NULL DEFAULT 'RECEIVED',
  `notes` text DEFAULT NULL,
  `created_at` timestamp NOT NULL DEFAULT current_timestamp()
) ENGINE=InnoDB DEFAULT CHARSET=utf8mb4 COLLATE=utf8mb4_general_ci;

--
-- Dumping data for table `invoices`
--

INSERT INTO `invoices` (`id`, `vendor_id`, `po_id`, `invoice_number`, `invoice_date`, `amount`, `status`, `notes`, `created_at`) VALUES
(1, 1, 1, 'INV-SIT-0001', '2026-04-12', 17500000.00, 'RECEIVED', 'Invoice untuk PO-MK4-2026-0001', '2026-04-15 02:26:21');

-- --------------------------------------------------------

--
-- Table structure for table `invoice_items`
--

CREATE TABLE `invoice_items` (
  `id` bigint(20) UNSIGNED NOT NULL,
  `invoice_id` bigint(20) UNSIGNED NOT NULL,
  `po_item_id` bigint(20) UNSIGNED NOT NULL,
  `qty_invoiced` decimal(18,2) NOT NULL DEFAULT 0.00,
  `unit_price` decimal(18,2) NOT NULL DEFAULT 0.00,
  `line_total` decimal(18,2) NOT NULL DEFAULT 0.00,
  `created_at` timestamp NOT NULL DEFAULT current_timestamp()
) ENGINE=InnoDB DEFAULT CHARSET=utf8mb4 COLLATE=utf8mb4_general_ci;

--
-- Dumping data for table `invoice_items`
--

INSERT INTO `invoice_items` (`id`, `invoice_id`, `po_item_id`, `qty_invoiced`, `unit_price`, `line_total`, `created_at`) VALUES
(1, 1, 1, 1.00, 12000000.00, 12000000.00, '2026-04-15 02:26:30'),
(2, 1, 2, 1.00, 2500000.00, 2500000.00, '2026-04-15 02:26:30'),
(3, 1, 3, 1.00, 3000000.00, 3000000.00, '2026-04-15 02:26:30');

-- --------------------------------------------------------

--
-- Table structure for table `invoice_status_histories`
--

CREATE TABLE `invoice_status_histories` (
  `id` bigint(20) UNSIGNED NOT NULL,
  `invoice_id` bigint(20) UNSIGNED NOT NULL,
  `old_status` enum('RECEIVED','MATCHED','DISPUTED','APPROVED_FOR_PAYMENT','PAID') DEFAULT NULL,
  `new_status` enum('RECEIVED','MATCHED','DISPUTED','APPROVED_FOR_PAYMENT','PAID') NOT NULL,
  `changed_by` int(11) NOT NULL,
  `note` text DEFAULT NULL,
  `ip_address` varchar(45) DEFAULT NULL,
  `user_agent` varchar(255) DEFAULT NULL,
  `created_at` timestamp NOT NULL DEFAULT current_timestamp()
) ENGINE=InnoDB DEFAULT CHARSET=utf8mb4 COLLATE=utf8mb4_general_ci;

-- --------------------------------------------------------

--
-- Table structure for table `model_has_permissions`
--

CREATE TABLE `model_has_permissions` (
  `permission_id` bigint(20) UNSIGNED NOT NULL,
  `model_type` varchar(255) NOT NULL,
  `model_id` bigint(20) UNSIGNED NOT NULL
) ENGINE=InnoDB DEFAULT CHARSET=utf8mb4 COLLATE=utf8mb4_unicode_ci;

-- --------------------------------------------------------

--
-- Table structure for table `model_has_roles`
--

CREATE TABLE `model_has_roles` (
  `role_id` bigint(20) UNSIGNED NOT NULL,
  `model_type` varchar(255) NOT NULL,
  `model_id` bigint(20) UNSIGNED NOT NULL
) ENGINE=InnoDB DEFAULT CHARSET=utf8mb4 COLLATE=utf8mb4_unicode_ci;

--
-- Dumping data for table `model_has_roles`
--

INSERT INTO `model_has_roles` (`role_id`, `model_type`, `model_id`) VALUES
(1, 'Models\\User', 1),
(4, 'Models\\User', 6),
(6, 'Models\\User', 6),
(7, 'Models\\User', 7);

-- --------------------------------------------------------

--
-- Table structure for table `payments`
--

CREATE TABLE `payments` (
  `id` bigint(20) UNSIGNED NOT NULL,
  `invoice_id` bigint(20) UNSIGNED NOT NULL,
  `paid_date` date DEFAULT NULL,
  `amount` decimal(18,2) NOT NULL DEFAULT 0.00,
  `method` enum('TRANSFER','CASH','GIRO','VIRTUAL_ACCOUNT') NOT NULL DEFAULT 'TRANSFER',
  `status` enum('PENDING','PAID','FAILED') NOT NULL DEFAULT 'PENDING',
  `reference_no` varchar(80) DEFAULT NULL,
  `created_at` timestamp NOT NULL DEFAULT current_timestamp()
) ENGINE=InnoDB DEFAULT CHARSET=utf8mb4 COLLATE=utf8mb4_general_ci;

--
-- Dumping data for table `payments`
--

INSERT INTO `payments` (`id`, `invoice_id`, `paid_date`, `amount`, `method`, `status`, `reference_no`, `created_at`) VALUES
(1, 1, NULL, 17500000.00, 'TRANSFER', 'PENDING', NULL, '2026-04-15 02:29:53');

-- --------------------------------------------------------

--
-- Table structure for table `payment_status_histories`
--

CREATE TABLE `payment_status_histories` (
  `id` bigint(20) UNSIGNED NOT NULL,
  `payment_id` bigint(20) UNSIGNED NOT NULL,
  `old_status` enum('PENDING','PAID','FAILED') DEFAULT NULL,
  `new_status` enum('PENDING','PAID','FAILED') NOT NULL,
  `changed_by` int(11) NOT NULL,
  `note` text DEFAULT NULL,
  `ip_address` varchar(45) DEFAULT NULL,
  `user_agent` varchar(255) DEFAULT NULL,
  `created_at` timestamp NOT NULL DEFAULT current_timestamp()
) ENGINE=InnoDB DEFAULT CHARSET=utf8mb4 COLLATE=utf8mb4_general_ci;

-- --------------------------------------------------------

--
-- Table structure for table `permissions`
--

CREATE TABLE `permissions` (
  `id` bigint(20) UNSIGNED NOT NULL,
  `name` varchar(255) NOT NULL,
  `group` varchar(255) DEFAULT NULL,
  `guard_name` varchar(255) NOT NULL,
  `created_at` timestamp NULL DEFAULT NULL,
  `updated_at` timestamp NULL DEFAULT NULL
) ENGINE=InnoDB DEFAULT CHARSET=utf8mb4 COLLATE=utf8mb4_unicode_ci;

--
-- Dumping data for table `permissions`
--

INSERT INTO `permissions` (`id`, `name`, `group`, `guard_name`, `created_at`, `updated_at`) VALUES
(1, 'permission_management_access', 'permission', 'web', '2025-09-30 20:23:01', '2025-09-30 20:23:01'),
(2, 'permission_view', 'permission', 'web', '2025-09-30 20:23:01', '2025-09-30 20:23:01'),
(3, 'permission_assign', 'permission', 'web', '2025-09-30 20:23:01', '2025-09-30 20:23:01'),
(4, 'permission_revoke', 'permission', 'web', '2025-09-30 20:23:01', '2025-09-30 20:23:01'),
(5, 'role_management_access', 'role', 'web', '2025-09-30 20:23:01', '2025-09-30 20:23:01'),
(6, 'role_view', 'role', 'web', '2025-09-30 20:23:01', '2025-09-30 20:23:01'),
(7, 'role_create', 'role', 'web', '2025-09-30 20:23:01', '2025-09-30 20:23:01'),
(8, 'role_edit', 'role', 'web', '2025-09-30 20:23:01', '2025-09-30 20:23:01'),
(9, 'role_delete', 'role', 'web', '2025-09-30 20:23:01', '2025-09-30 20:23:01'),
(10, 'user_management_access', 'user', 'web', '2025-09-30 20:23:01', '2025-09-30 20:23:01'),
(11, 'user_view', 'user', 'web', '2025-09-30 20:23:01', '2025-09-30 20:23:01'),
(12, 'user_create', 'user', 'web', '2025-09-30 20:23:01', '2025-09-30 20:23:01'),
(13, 'user_edit', 'user', 'web', '2025-09-30 20:23:01', '2025-09-30 20:23:01'),
(14, 'user_delete', 'user', 'web', '2025-09-30 20:23:01', '2025-09-30 20:23:01'),
(15, 'system_settings_access', 'system_settings', 'web', '2025-09-30 20:23:01', '2025-09-30 20:23:01'),
(16, 'app_settings_manage', 'app_settings', 'web', '2025-09-30 20:23:01', '2025-09-30 20:23:01');

-- --------------------------------------------------------

--
-- Table structure for table `purchase_orders`
--

CREATE TABLE `purchase_orders` (
  `id` bigint(20) UNSIGNED NOT NULL,
  `po_number` varchar(30) NOT NULL,
  `pr_id` bigint(20) UNSIGNED DEFAULT NULL,
  `vendor_id` bigint(20) UNSIGNED NOT NULL,
  `store_id` int(11) DEFAULT NULL,
  `division_id` int(11) DEFAULT NULL,
  `total_amount` decimal(18,2) NOT NULL DEFAULT 0.00,
  `status` enum('DRAFT','SUBMITTED','IN_APPROVAL','REJECTED','APPROVED','RECEIVING','CLOSED') NOT NULL DEFAULT 'DRAFT',
  `created_at` timestamp NOT NULL DEFAULT current_timestamp(),
  `updated_at` timestamp NOT NULL DEFAULT current_timestamp() ON UPDATE current_timestamp()
) ENGINE=InnoDB DEFAULT CHARSET=utf8mb4 COLLATE=utf8mb4_general_ci;

--
-- Dumping data for table `purchase_orders`
--

INSERT INTO `purchase_orders` (`id`, `po_number`, `pr_id`, `vendor_id`, `store_id`, `division_id`, `total_amount`, `status`, `created_at`, `updated_at`) VALUES
(1, 'PO-MK4-2026-0001', 1, 1, 4, 1, 17500000.00, 'APPROVED', '2026-04-14 06:04:33', '2026-04-14 06:54:45');

-- --------------------------------------------------------

--
-- Table structure for table `purchase_order_items`
--

CREATE TABLE `purchase_order_items` (
  `id` bigint(20) UNSIGNED NOT NULL,
  `po_id` bigint(20) UNSIGNED NOT NULL,
  `item_name` varchar(200) NOT NULL,
  `qty` decimal(18,2) NOT NULL DEFAULT 1.00,
  `uom` varchar(20) NOT NULL DEFAULT 'pcs',
  `unit_price` decimal(18,2) NOT NULL DEFAULT 0.00,
  `total` decimal(18,2) NOT NULL DEFAULT 0.00,
  `created_at` timestamp NOT NULL DEFAULT current_timestamp(),
  `updated_at` timestamp NOT NULL DEFAULT current_timestamp() ON UPDATE current_timestamp()
) ENGINE=InnoDB DEFAULT CHARSET=utf8mb4 COLLATE=utf8mb4_general_ci;

--
-- Dumping data for table `purchase_order_items`
--

INSERT INTO `purchase_order_items` (`id`, `po_id`, `item_name`, `qty`, `uom`, `unit_price`, `total`, `created_at`, `updated_at`) VALUES
(1, 1, 'PC Kasir (Core i5, RAM 16GB, SSD 512GB)', 1.00, 'unit', 12000000.00, 12000000.00, '2026-04-14 06:04:42', '2026-04-14 06:04:42'),
(2, 1, 'Printer Thermal 80mm', 1.00, 'unit', 2500000.00, 2500000.00, '2026-04-14 06:04:42', '2026-04-14 06:04:42'),
(3, 1, 'UPS 650VA', 1.00, 'unit', 3000000.00, 3000000.00, '2026-04-14 06:04:42', '2026-04-14 06:04:42');

-- --------------------------------------------------------

--
-- Table structure for table `purchase_requests`
--

CREATE TABLE `purchase_requests` (
  `id` bigint(20) UNSIGNED NOT NULL,
  `pr_number` varchar(30) NOT NULL,
  `requester_user_id` int(11) NOT NULL,
  `store_id` int(11) DEFAULT NULL,
  `division_id` int(11) DEFAULT NULL,
  `gl_account_id` int(11) NOT NULL,
  `spend_type` enum('OPEX','CAPEX') NOT NULL,
  `urgent_level` enum('NORMAL','URGENT','EMERGENCY') NOT NULL DEFAULT 'NORMAL',
  `needed_date` date DEFAULT NULL,
  `justification` text DEFAULT NULL,
  `total_amount` decimal(18,2) NOT NULL DEFAULT 0.00,
  `status` enum('DRAFT','SUBMITTED','IN_APPROVAL','REJECTED','APPROVED','CONVERTED_TO_PO','CLOSED') NOT NULL DEFAULT 'DRAFT',
  `created_at` timestamp NOT NULL DEFAULT current_timestamp(),
  `updated_at` timestamp NOT NULL DEFAULT current_timestamp() ON UPDATE current_timestamp()
) ENGINE=InnoDB DEFAULT CHARSET=utf8mb4 COLLATE=utf8mb4_general_ci;

--
-- Dumping data for table `purchase_requests`
--

INSERT INTO `purchase_requests` (`id`, `pr_number`, `requester_user_id`, `store_id`, `division_id`, `gl_account_id`, `spend_type`, `urgent_level`, `needed_date`, `justification`, `total_amount`, `status`, `created_at`, `updated_at`) VALUES
(1, 'PR-MK4-2026-0001', 1, 4, 1, 2, 'OPEX', 'NORMAL', '2026-03-30', 'AC kasir tidak dingin, mengganggu operasional. Perlu service + tambah freon.', 4000000.00, 'SUBMITTED', '2026-04-10 08:41:22', '2026-04-10 08:41:22'),
(2, 'PR-MK4-2026-0002', 1, 4, 1, 3, 'CAPEX', 'URGENT', '2026-04-05', 'Penambahan 1 unit kasir karena antrian tinggi. Butuh PC kasir baru + printer thermal + UPS.', 17500000.00, 'SUBMITTED', '2026-04-10 08:41:50', '2026-04-10 08:41:50');

-- --------------------------------------------------------

--
-- Table structure for table `purchase_request_items`
--

CREATE TABLE `purchase_request_items` (
  `id` bigint(20) UNSIGNED NOT NULL,
  `pr_id` bigint(20) UNSIGNED NOT NULL,
  `item_name` varchar(200) NOT NULL,
  `qty` decimal(18,2) NOT NULL DEFAULT 1.00,
  `uom` varchar(20) NOT NULL DEFAULT 'pcs',
  `est_unit_price` decimal(18,2) NOT NULL DEFAULT 0.00,
  `est_total` decimal(18,2) NOT NULL DEFAULT 0.00,
  `notes` varchar(255) DEFAULT NULL,
  `created_at` timestamp NOT NULL DEFAULT current_timestamp(),
  `updated_at` timestamp NOT NULL DEFAULT current_timestamp() ON UPDATE current_timestamp()
) ENGINE=InnoDB DEFAULT CHARSET=utf8mb4 COLLATE=utf8mb4_general_ci;

--
-- Dumping data for table `purchase_request_items`
--

INSERT INTO `purchase_request_items` (`id`, `pr_id`, `item_name`, `qty`, `uom`, `est_unit_price`, `est_total`, `notes`, `created_at`, `updated_at`) VALUES
(1, 1, 'Jasa service AC + tambah freon (AC kasir)', 1.00, 'paket', 4000000.00, 4000000.00, 'Vendor rekomendasi: ABC Teknik', '2026-04-10 08:41:29', '2026-04-10 08:41:29'),
(2, 2, 'PC Kasir (Core i5, RAM 16GB, SSD 512GB)', 1.00, 'unit', 12000000.00, 12000000.00, 'Include Windows', '2026-04-10 08:41:50', '2026-04-10 08:41:50'),
(3, 2, 'Printer Thermal 80mm', 1.00, 'unit', 2500000.00, 2500000.00, 'Support ESC/POS', '2026-04-10 08:41:50', '2026-04-10 08:41:50'),
(4, 2, 'UPS 650VA', 1.00, 'unit', 3000000.00, 3000000.00, 'Untuk backup listrik', '2026-04-10 08:41:50', '2026-04-10 08:41:50');

-- --------------------------------------------------------

--
-- Table structure for table `roles`
--

CREATE TABLE `roles` (
  `id` bigint(20) UNSIGNED NOT NULL,
  `name` varchar(255) NOT NULL,
  `guard_name` varchar(255) NOT NULL,
  `is_admin` tinyint(1) NOT NULL DEFAULT 0,
  `created_at` timestamp NULL DEFAULT current_timestamp(),
  `updated_at` timestamp NULL DEFAULT current_timestamp()
) ENGINE=InnoDB DEFAULT CHARSET=utf8mb4 COLLATE=utf8mb4_unicode_ci;

--
-- Dumping data for table `roles`
--

INSERT INTO `roles` (`id`, `name`, `guard_name`, `is_admin`, `created_at`, `updated_at`) VALUES
(1, 'super-admin', 'web', 0, '2025-09-30 20:23:01', '2025-09-30 20:23:01'),
(2, 'admin', 'web', 0, '2025-09-30 20:23:01', '2025-09-30 20:23:01'),
(3, 'manager', 'web', 0, '2025-11-11 08:11:46', '2025-11-11 08:11:46'),
(4, 'staff-counter', 'web', 0, '2025-10-24 00:31:37', '2025-10-24 00:31:37'),
(6, 'finance-manager', 'web', 0, '2026-04-13 03:58:40', '2026-04-13 03:58:40'),
(7, 'gm', 'web', 0, '2026-04-13 03:58:40', '2026-04-13 03:58:40'),
(9, 'IT-manager', 'web', 0, '2026-04-13 03:58:40', '2026-04-13 03:58:40');

-- --------------------------------------------------------

--
-- Table structure for table `role_has_permissions`
--

CREATE TABLE `role_has_permissions` (
  `permission_id` bigint(20) UNSIGNED NOT NULL,
  `role_id` bigint(20) UNSIGNED NOT NULL
) ENGINE=InnoDB DEFAULT CHARSET=utf8mb4 COLLATE=utf8mb4_unicode_ci;

--
-- Dumping data for table `role_has_permissions`
--

INSERT INTO `role_has_permissions` (`permission_id`, `role_id`) VALUES
(1, 1),
(1, 3),
(2, 1),
(2, 3),
(3, 1),
(3, 3),
(4, 1),
(4, 3),
(5, 1),
(5, 3),
(6, 1),
(6, 3),
(7, 1),
(7, 3),
(8, 1),
(8, 3),
(9, 1),
(9, 3),
(10, 1),
(10, 3),
(11, 1),
(11, 3),
(12, 1),
(12, 3),
(13, 1),
(13, 3),
(14, 1),
(14, 3),
(15, 1),
(15, 3),
(15, 4),
(16, 1),
(16, 3);

-- --------------------------------------------------------

--
-- Table structure for table `stores`
--

CREATE TABLE `stores` (
  `store_id` int(11) NOT NULL,
  `store_code` varchar(255) NOT NULL,
  `store_name` varchar(255) NOT NULL,
  `store_address` text NOT NULL,
  `company_name` varchar(255) DEFAULT NULL,
  `is_active` tinyint(1) NOT NULL DEFAULT 1,
  `created_at` timestamp NOT NULL DEFAULT current_timestamp(),
  `updated_at` datetime DEFAULT current_timestamp() ON UPDATE current_timestamp()
) ENGINE=InnoDB DEFAULT CHARSET=utf8mb4 COLLATE=utf8mb4_general_ci;

--
-- Dumping data for table `stores`
--

INSERT INTO `stores` (`store_id`, `store_code`, `store_name`, `store_address`, `company_name`, `is_active`, `created_at`, `updated_at`) VALUES
(1, 'MK1', 'MK1 Babarsari', 'Babarsari', NULL, 1, '2025-12-18 21:01:02', '2025-12-19 11:01:02'),
(2, 'MK2', 'MK2 Simanjuntak', 'Simanjuntak', NULL, 1, '2025-12-18 21:01:02', '2025-12-19 11:01:02'),
(3, 'MK3', 'MK3 Supeno', 'Supeno', NULL, 1, '2025-12-18 21:01:02', '2025-12-19 11:01:02'),
(4, 'MK4', 'MK4 Palagan', 'Palagan', NULL, 1, '2025-12-18 21:01:02', '2025-12-19 11:01:02'),
(5, 'MK5', 'MK5 Godean', 'Godean', NULL, 1, '2025-12-18 21:01:02', '2025-12-19 11:01:02'),
(6, 'MK6', 'MK6 Imogiri', 'Imogiri', NULL, 1, '2025-12-18 21:01:02', '2025-12-19 11:01:02'),
(7, 'MK7', 'MK7 Keloran', 'Keloran', NULL, 1, '2025-12-18 21:01:02', '2025-12-19 11:01:02'),
(101, 'MKM1', 'MK Mini 1 Pelemsewu', 'Pelemsewu', NULL, 1, '2025-12-18 21:01:02', '2025-12-19 11:01:02'),
(102, 'MKM2', 'MK Mini 2 Diro', 'Diro', NULL, 1, '2025-12-18 21:01:02', '2025-12-19 11:01:02'),
(103, 'MKM3', 'MK Mini 3 Minomartani', 'Minomartani', NULL, 1, '2025-12-18 21:01:02', '2025-12-19 11:01:02');

-- --------------------------------------------------------

--
-- Table structure for table `store_approvers`
--

CREATE TABLE `store_approvers` (
  `id` bigint(20) UNSIGNED NOT NULL,
  `store_id` int(11) NOT NULL,
  `role_id` bigint(20) UNSIGNED NOT NULL,
  `user_id` int(11) NOT NULL,
  `is_active` tinyint(1) NOT NULL DEFAULT 1
) ENGINE=InnoDB DEFAULT CHARSET=utf8mb4 COLLATE=utf8mb4_general_ci;

--
-- Dumping data for table `store_approvers`
--

INSERT INTO `store_approvers` (`id`, `store_id`, `role_id`, `user_id`, `is_active`) VALUES
(1, 5, 2, 1, 1),
(4, 4, 3, 1, 1);

-- --------------------------------------------------------

--
-- Table structure for table `users`
--

CREATE TABLE `users` (
  `id` int(11) NOT NULL,
  `nip` int(11) NOT NULL,
  `username` varchar(255) NOT NULL,
  `password` varchar(255) NOT NULL,
  `name` varchar(255) NOT NULL,
  `email` varchar(255) DEFAULT NULL,
  `status` enum('active','non_active') DEFAULT 'active',
  `store_id` longtext CHARACTER SET utf8mb4 COLLATE utf8mb4_bin NOT NULL CHECK (json_valid(`store_id`)),
  `created_at` timestamp NOT NULL DEFAULT current_timestamp(),
  `updated_at` timestamp NOT NULL DEFAULT current_timestamp() ON UPDATE current_timestamp()
) ENGINE=InnoDB DEFAULT CHARSET=utf8mb4 COLLATE=utf8mb4_general_ci;

--
-- Dumping data for table `users`
--

INSERT INTO `users` (`id`, `nip`, `username`, `password`, `name`, `email`, `status`, `store_id`, `created_at`, `updated_at`) VALUES
(1, 250192, 'admin', '$2a$10$d2fwsVDPcTGsI10DM67KSe6CFn7UyMHuHTGATyBKK770Dh2EZf/Qu', 'Admin Rifki', 'admin@mannakampus.com', 'active', '[1,2,3,4,5,6,7]', '2025-11-25 07:42:56', '2026-01-03 02:46:21');

-- --------------------------------------------------------

--
-- Table structure for table `user_stores`
--

CREATE TABLE `user_stores` (
  `user_id` int(11) NOT NULL,
  `store_id` int(11) NOT NULL
) ENGINE=InnoDB DEFAULT CHARSET=utf8mb4 COLLATE=utf8mb4_general_ci;

--
-- Dumping data for table `user_stores`
--

INSERT INTO `user_stores` (`user_id`, `store_id`) VALUES
(1, 1),
(1, 2),
(1, 3),
(1, 4),
(1, 5),
(1, 6),
(1, 7),
(1, 101),
(1, 102),
(1, 103);

-- --------------------------------------------------------

--
-- Table structure for table `vendors`
--

CREATE TABLE `vendors` (
  `id` bigint(20) UNSIGNED NOT NULL,
  `name` varchar(150) NOT NULL,
  `phone` varchar(50) DEFAULT NULL,
  `email` varchar(120) DEFAULT NULL,
  `address` varchar(255) DEFAULT NULL,
  `is_active` tinyint(1) NOT NULL DEFAULT 1,
  `created_at` timestamp NOT NULL DEFAULT current_timestamp()
) ENGINE=InnoDB DEFAULT CHARSET=utf8mb4 COLLATE=utf8mb4_general_ci;

--
-- Dumping data for table `vendors`
--

INSERT INTO `vendors` (`id`, `name`, `phone`, `email`, `address`, `is_active`, `created_at`) VALUES
(1, 'PT Sumber IT', '08123456789', 'sales@sumberit.co.id', 'Yogyakarta', 1, '2026-04-14 05:35:04');

--
-- Indexes for dumped tables
--

--
-- Indexes for table `approvals`
--
ALTER TABLE `approvals`
  ADD PRIMARY KEY (`id`),
  ADD KEY `idx_ref` (`ref_type`,`ref_id`),
  ADD KEY `fk_approval_rule` (`rule_id`);

--
-- Indexes for table `approval_histories`
--
ALTER TABLE `approval_histories`
  ADD PRIMARY KEY (`id`),
  ADD KEY `idx_ref` (`ref_type`,`ref_id`),
  ADD KEY `idx_approval` (`approval_id`),
  ADD KEY `fk_hist_task` (`task_id`),
  ADD KEY `fk_hist_actor` (`actor_user_id`),
  ADD KEY `fk_hist_role` (`actor_role_id`);

--
-- Indexes for table `approval_rules`
--
ALTER TABLE `approval_rules`
  ADD PRIMARY KEY (`id`),
  ADD KEY `idx_rule_active` (`is_active`),
  ADD KEY `idx_rule_amount` (`min_amount`,`max_amount`);

--
-- Indexes for table `approval_rule_steps`
--
ALTER TABLE `approval_rule_steps`
  ADD PRIMARY KEY (`id`),
  ADD UNIQUE KEY `uniq_rule_step` (`rule_id`,`step_order`,`role_id`),
  ADD KEY `idx_rule` (`rule_id`),
  ADD KEY `idx_role` (`role_id`);

--
-- Indexes for table `approval_tasks`
--
ALTER TABLE `approval_tasks`
  ADD PRIMARY KEY (`id`),
  ADD KEY `idx_task` (`approval_id`,`step_order`),
  ADD KEY `idx_assigned` (`assigned_user_id`),
  ADD KEY `fk_task_role` (`role_id`);

--
-- Indexes for table `attachments`
--
ALTER TABLE `attachments`
  ADD PRIMARY KEY (`id`),
  ADD KEY `idx_attach_ref` (`ref_type`,`ref_id`),
  ADD KEY `idx_attach_uploader` (`uploaded_by`);

--
-- Indexes for table `audit_logs`
--
ALTER TABLE `audit_logs`
  ADD PRIMARY KEY (`id`),
  ADD KEY `idx_audit_ref` (`ref_type`,`ref_id`),
  ADD KEY `idx_audit_actor` (`actor_user_id`),
  ADD KEY `idx_audit_action` (`action`);

--
-- Indexes for table `budgets`
--
ALTER TABLE `budgets`
  ADD PRIMARY KEY (`id`),
  ADD UNIQUE KEY `uniq_budget` (`fiscal_year`,`period_type`,`period_key`,`store_id`,`division_id`,`gl_account_id`),
  ADD KEY `fk_budget_store` (`store_id`),
  ADD KEY `fk_budget_div` (`division_id`),
  ADD KEY `fk_budget_gl` (`gl_account_id`);

--
-- Indexes for table `budget_usages`
--
ALTER TABLE `budget_usages`
  ADD PRIMARY KEY (`id`),
  ADD KEY `idx_budget_ref` (`ref_type`,`ref_id`),
  ADD KEY `fk_budget_usage` (`budget_id`);

--
-- Indexes for table `divisions`
--
ALTER TABLE `divisions`
  ADD PRIMARY KEY (`id`),
  ADD UNIQUE KEY `division_code` (`division_code`);

--
-- Indexes for table `gl_accounts`
--
ALTER TABLE `gl_accounts`
  ADD PRIMARY KEY (`id`),
  ADD UNIQUE KEY `uniq_gl_code` (`gl_code`),
  ADD KEY `idx_spend_type` (`spend_type`);

--
-- Indexes for table `goods_receipts`
--
ALTER TABLE `goods_receipts`
  ADD PRIMARY KEY (`id`),
  ADD UNIQUE KEY `gr_number` (`gr_number`),
  ADD KEY `idx_gr_po` (`po_id`),
  ADD KEY `fk_gr_user` (`received_by`);

--
-- Indexes for table `goods_receipt_items`
--
ALTER TABLE `goods_receipt_items`
  ADD PRIMARY KEY (`id`),
  ADD KEY `idx_gri_gr` (`gr_id`),
  ADD KEY `idx_gri_po_item` (`po_item_id`);

--
-- Indexes for table `invoices`
--
ALTER TABLE `invoices`
  ADD PRIMARY KEY (`id`),
  ADD UNIQUE KEY `uniq_vendor_invoice` (`vendor_id`,`invoice_number`),
  ADD KEY `idx_inv_po` (`po_id`),
  ADD KEY `idx_inv_status` (`status`);

--
-- Indexes for table `invoice_items`
--
ALTER TABLE `invoice_items`
  ADD PRIMARY KEY (`id`),
  ADD KEY `idx_inv_item_invoice` (`invoice_id`),
  ADD KEY `idx_inv_item_po_item` (`po_item_id`);

--
-- Indexes for table `invoice_status_histories`
--
ALTER TABLE `invoice_status_histories`
  ADD PRIMARY KEY (`id`),
  ADD KEY `idx_inv_hist_invoice` (`invoice_id`),
  ADD KEY `idx_inv_hist_user` (`changed_by`);

--
-- Indexes for table `model_has_permissions`
--
ALTER TABLE `model_has_permissions`
  ADD PRIMARY KEY (`permission_id`,`model_id`,`model_type`),
  ADD KEY `model_has_permissions_model_id_model_type_index` (`model_id`,`model_type`);

--
-- Indexes for table `model_has_roles`
--
ALTER TABLE `model_has_roles`
  ADD PRIMARY KEY (`role_id`,`model_id`,`model_type`),
  ADD KEY `model_has_roles_model_id_model_type_index` (`model_id`,`model_type`);

--
-- Indexes for table `payments`
--
ALTER TABLE `payments`
  ADD PRIMARY KEY (`id`),
  ADD KEY `idx_pay_invoice` (`invoice_id`),
  ADD KEY `idx_pay_status` (`status`);

--
-- Indexes for table `payment_status_histories`
--
ALTER TABLE `payment_status_histories`
  ADD PRIMARY KEY (`id`),
  ADD KEY `idx_pay_hist_payment` (`payment_id`),
  ADD KEY `idx_pay_hist_user` (`changed_by`);

--
-- Indexes for table `permissions`
--
ALTER TABLE `permissions`
  ADD PRIMARY KEY (`id`),
  ADD UNIQUE KEY `permissions_name_guard_name_unique` (`name`,`guard_name`);

--
-- Indexes for table `purchase_orders`
--
ALTER TABLE `purchase_orders`
  ADD PRIMARY KEY (`id`),
  ADD UNIQUE KEY `po_number` (`po_number`),
  ADD KEY `idx_po_store` (`store_id`),
  ADD KEY `idx_po_vendor` (`vendor_id`),
  ADD KEY `idx_po_status` (`status`),
  ADD KEY `fk_po_pr` (`pr_id`);

--
-- Indexes for table `purchase_order_items`
--
ALTER TABLE `purchase_order_items`
  ADD PRIMARY KEY (`id`),
  ADD KEY `idx_po_item_po` (`po_id`);

--
-- Indexes for table `purchase_requests`
--
ALTER TABLE `purchase_requests`
  ADD PRIMARY KEY (`id`),
  ADD UNIQUE KEY `pr_number` (`pr_number`),
  ADD KEY `fk_pr_user` (`requester_user_id`),
  ADD KEY `idx_pr_store` (`store_id`),
  ADD KEY `idx_pr_div` (`division_id`),
  ADD KEY `idx_pr_gl` (`gl_account_id`),
  ADD KEY `idx_pr_status` (`status`);

--
-- Indexes for table `purchase_request_items`
--
ALTER TABLE `purchase_request_items`
  ADD PRIMARY KEY (`id`),
  ADD KEY `idx_pr_item_pr` (`pr_id`);

--
-- Indexes for table `roles`
--
ALTER TABLE `roles`
  ADD PRIMARY KEY (`id`),
  ADD UNIQUE KEY `roles_name_guard_name_unique` (`name`,`guard_name`);

--
-- Indexes for table `role_has_permissions`
--
ALTER TABLE `role_has_permissions`
  ADD PRIMARY KEY (`permission_id`,`role_id`),
  ADD KEY `role_has_permissions_role_id_foreign` (`role_id`);

--
-- Indexes for table `stores`
--
ALTER TABLE `stores`
  ADD PRIMARY KEY (`store_id`),
  ADD KEY `store_id` (`store_id`);

--
-- Indexes for table `store_approvers`
--
ALTER TABLE `store_approvers`
  ADD PRIMARY KEY (`id`),
  ADD UNIQUE KEY `uniq_store_role` (`store_id`,`role_id`),
  ADD KEY `role_id` (`role_id`),
  ADD KEY `user_id` (`user_id`);

--
-- Indexes for table `users`
--
ALTER TABLE `users`
  ADD PRIMARY KEY (`id`),
  ADD UNIQUE KEY `username` (`username`),
  ADD UNIQUE KEY `username_2` (`username`),
  ADD UNIQUE KEY `nip` (`nip`),
  ADD UNIQUE KEY `email` (`email`) USING BTREE,
  ADD KEY `store_id` (`store_id`(768)),
  ADD KEY `nip_2` (`nip`);

--
-- Indexes for table `user_stores`
--
ALTER TABLE `user_stores`
  ADD KEY `user_id` (`user_id`,`store_id`),
  ADD KEY `store_id` (`store_id`);

--
-- Indexes for table `vendors`
--
ALTER TABLE `vendors`
  ADD PRIMARY KEY (`id`);

--
-- AUTO_INCREMENT for dumped tables
--

--
-- AUTO_INCREMENT for table `approvals`
--
ALTER TABLE `approvals`
  MODIFY `id` bigint(20) UNSIGNED NOT NULL AUTO_INCREMENT, AUTO_INCREMENT=2;

--
-- AUTO_INCREMENT for table `approval_histories`
--
ALTER TABLE `approval_histories`
  MODIFY `id` bigint(20) UNSIGNED NOT NULL AUTO_INCREMENT, AUTO_INCREMENT=6;

--
-- AUTO_INCREMENT for table `approval_rules`
--
ALTER TABLE `approval_rules`
  MODIFY `id` bigint(20) UNSIGNED NOT NULL AUTO_INCREMENT, AUTO_INCREMENT=3;

--
-- AUTO_INCREMENT for table `approval_rule_steps`
--
ALTER TABLE `approval_rule_steps`
  MODIFY `id` bigint(20) UNSIGNED NOT NULL AUTO_INCREMENT, AUTO_INCREMENT=6;

--
-- AUTO_INCREMENT for table `approval_tasks`
--
ALTER TABLE `approval_tasks`
  MODIFY `id` bigint(20) UNSIGNED NOT NULL AUTO_INCREMENT, AUTO_INCREMENT=2;

--
-- AUTO_INCREMENT for table `attachments`
--
ALTER TABLE `attachments`
  MODIFY `id` bigint(20) UNSIGNED NOT NULL AUTO_INCREMENT, AUTO_INCREMENT=7;

--
-- AUTO_INCREMENT for table `audit_logs`
--
ALTER TABLE `audit_logs`
  MODIFY `id` bigint(20) UNSIGNED NOT NULL AUTO_INCREMENT, AUTO_INCREMENT=13;

--
-- AUTO_INCREMENT for table `budgets`
--
ALTER TABLE `budgets`
  MODIFY `id` bigint(20) UNSIGNED NOT NULL AUTO_INCREMENT, AUTO_INCREMENT=4;

--
-- AUTO_INCREMENT for table `budget_usages`
--
ALTER TABLE `budget_usages`
  MODIFY `id` bigint(20) UNSIGNED NOT NULL AUTO_INCREMENT, AUTO_INCREMENT=4;

--
-- AUTO_INCREMENT for table `divisions`
--
ALTER TABLE `divisions`
  MODIFY `id` int(11) NOT NULL AUTO_INCREMENT, AUTO_INCREMENT=5;

--
-- AUTO_INCREMENT for table `gl_accounts`
--
ALTER TABLE `gl_accounts`
  MODIFY `id` int(11) NOT NULL AUTO_INCREMENT, AUTO_INCREMENT=4;

--
-- AUTO_INCREMENT for table `goods_receipts`
--
ALTER TABLE `goods_receipts`
  MODIFY `id` bigint(20) UNSIGNED NOT NULL AUTO_INCREMENT, AUTO_INCREMENT=3;

--
-- AUTO_INCREMENT for table `goods_receipt_items`
--
ALTER TABLE `goods_receipt_items`
  MODIFY `id` bigint(20) UNSIGNED NOT NULL AUTO_INCREMENT, AUTO_INCREMENT=3;

--
-- AUTO_INCREMENT for table `invoices`
--
ALTER TABLE `invoices`
  MODIFY `id` bigint(20) UNSIGNED NOT NULL AUTO_INCREMENT, AUTO_INCREMENT=2;

--
-- AUTO_INCREMENT for table `invoice_items`
--
ALTER TABLE `invoice_items`
  MODIFY `id` bigint(20) UNSIGNED NOT NULL AUTO_INCREMENT, AUTO_INCREMENT=4;

--
-- AUTO_INCREMENT for table `invoice_status_histories`
--
ALTER TABLE `invoice_status_histories`
  MODIFY `id` bigint(20) UNSIGNED NOT NULL AUTO_INCREMENT;

--
-- AUTO_INCREMENT for table `payments`
--
ALTER TABLE `payments`
  MODIFY `id` bigint(20) UNSIGNED NOT NULL AUTO_INCREMENT, AUTO_INCREMENT=2;

--
-- AUTO_INCREMENT for table `payment_status_histories`
--
ALTER TABLE `payment_status_histories`
  MODIFY `id` bigint(20) UNSIGNED NOT NULL AUTO_INCREMENT;

--
-- AUTO_INCREMENT for table `permissions`
--
ALTER TABLE `permissions`
  MODIFY `id` bigint(20) UNSIGNED NOT NULL AUTO_INCREMENT, AUTO_INCREMENT=53;

--
-- AUTO_INCREMENT for table `purchase_orders`
--
ALTER TABLE `purchase_orders`
  MODIFY `id` bigint(20) UNSIGNED NOT NULL AUTO_INCREMENT, AUTO_INCREMENT=2;

--
-- AUTO_INCREMENT for table `purchase_order_items`
--
ALTER TABLE `purchase_order_items`
  MODIFY `id` bigint(20) UNSIGNED NOT NULL AUTO_INCREMENT, AUTO_INCREMENT=4;

--
-- AUTO_INCREMENT for table `purchase_requests`
--
ALTER TABLE `purchase_requests`
  MODIFY `id` bigint(20) UNSIGNED NOT NULL AUTO_INCREMENT, AUTO_INCREMENT=3;

--
-- AUTO_INCREMENT for table `purchase_request_items`
--
ALTER TABLE `purchase_request_items`
  MODIFY `id` bigint(20) UNSIGNED NOT NULL AUTO_INCREMENT, AUTO_INCREMENT=5;

--
-- AUTO_INCREMENT for table `roles`
--
ALTER TABLE `roles`
  MODIFY `id` bigint(20) UNSIGNED NOT NULL AUTO_INCREMENT, AUTO_INCREMENT=12;

--
-- AUTO_INCREMENT for table `store_approvers`
--
ALTER TABLE `store_approvers`
  MODIFY `id` bigint(20) UNSIGNED NOT NULL AUTO_INCREMENT, AUTO_INCREMENT=5;

--
-- AUTO_INCREMENT for table `users`
--
ALTER TABLE `users`
  MODIFY `id` int(11) NOT NULL AUTO_INCREMENT, AUTO_INCREMENT=7;

--
-- AUTO_INCREMENT for table `vendors`
--
ALTER TABLE `vendors`
  MODIFY `id` bigint(20) UNSIGNED NOT NULL AUTO_INCREMENT, AUTO_INCREMENT=2;

--
-- Constraints for dumped tables
--

--
-- Constraints for table `approvals`
--
ALTER TABLE `approvals`
  ADD CONSTRAINT `fk_approval_rule` FOREIGN KEY (`rule_id`) REFERENCES `approval_rules` (`id`);

--
-- Constraints for table `approval_histories`
--
ALTER TABLE `approval_histories`
  ADD CONSTRAINT `fk_hist_actor` FOREIGN KEY (`actor_user_id`) REFERENCES `users` (`id`) ON DELETE CASCADE,
  ADD CONSTRAINT `fk_hist_approval` FOREIGN KEY (`approval_id`) REFERENCES `approvals` (`id`) ON DELETE CASCADE,
  ADD CONSTRAINT `fk_hist_role` FOREIGN KEY (`actor_role_id`) REFERENCES `roles` (`id`) ON DELETE SET NULL,
  ADD CONSTRAINT `fk_hist_task` FOREIGN KEY (`task_id`) REFERENCES `approval_tasks` (`id`) ON DELETE SET NULL;

--
-- Constraints for table `approval_rule_steps`
--
ALTER TABLE `approval_rule_steps`
  ADD CONSTRAINT `fk_step_role` FOREIGN KEY (`role_id`) REFERENCES `roles` (`id`) ON DELETE CASCADE,
  ADD CONSTRAINT `fk_step_rule` FOREIGN KEY (`rule_id`) REFERENCES `approval_rules` (`id`) ON DELETE CASCADE;

--
-- Constraints for table `approval_tasks`
--
ALTER TABLE `approval_tasks`
  ADD CONSTRAINT `fk_task_approval` FOREIGN KEY (`approval_id`) REFERENCES `approvals` (`id`) ON DELETE CASCADE,
  ADD CONSTRAINT `fk_task_role` FOREIGN KEY (`role_id`) REFERENCES `roles` (`id`),
  ADD CONSTRAINT `fk_task_user` FOREIGN KEY (`assigned_user_id`) REFERENCES `users` (`id`) ON DELETE CASCADE;

--
-- Constraints for table `attachments`
--
ALTER TABLE `attachments`
  ADD CONSTRAINT `fk_attach_user` FOREIGN KEY (`uploaded_by`) REFERENCES `users` (`id`);

--
-- Constraints for table `audit_logs`
--
ALTER TABLE `audit_logs`
  ADD CONSTRAINT `fk_audit_user` FOREIGN KEY (`actor_user_id`) REFERENCES `users` (`id`);

--
-- Constraints for table `budgets`
--
ALTER TABLE `budgets`
  ADD CONSTRAINT `fk_budget_div` FOREIGN KEY (`division_id`) REFERENCES `divisions` (`id`) ON DELETE SET NULL,
  ADD CONSTRAINT `fk_budget_gl` FOREIGN KEY (`gl_account_id`) REFERENCES `gl_accounts` (`id`),
  ADD CONSTRAINT `fk_budget_store` FOREIGN KEY (`store_id`) REFERENCES `stores` (`store_id`) ON DELETE SET NULL;

--
-- Constraints for table `budget_usages`
--
ALTER TABLE `budget_usages`
  ADD CONSTRAINT `fk_budget_usage` FOREIGN KEY (`budget_id`) REFERENCES `budgets` (`id`) ON DELETE CASCADE;

--
-- Constraints for table `goods_receipts`
--
ALTER TABLE `goods_receipts`
  ADD CONSTRAINT `fk_gr_po` FOREIGN KEY (`po_id`) REFERENCES `purchase_orders` (`id`),
  ADD CONSTRAINT `fk_gr_user` FOREIGN KEY (`received_by`) REFERENCES `users` (`id`);

--
-- Constraints for table `goods_receipt_items`
--
ALTER TABLE `goods_receipt_items`
  ADD CONSTRAINT `fk_gri_gr` FOREIGN KEY (`gr_id`) REFERENCES `goods_receipts` (`id`) ON DELETE CASCADE,
  ADD CONSTRAINT `fk_gri_po_item` FOREIGN KEY (`po_item_id`) REFERENCES `purchase_order_items` (`id`);

--
-- Constraints for table `invoices`
--
ALTER TABLE `invoices`
  ADD CONSTRAINT `fk_inv_po` FOREIGN KEY (`po_id`) REFERENCES `purchase_orders` (`id`),
  ADD CONSTRAINT `fk_inv_vendor` FOREIGN KEY (`vendor_id`) REFERENCES `vendors` (`id`);

--
-- Constraints for table `invoice_items`
--
ALTER TABLE `invoice_items`
  ADD CONSTRAINT `fk_inv_item_invoice` FOREIGN KEY (`invoice_id`) REFERENCES `invoices` (`id`) ON DELETE CASCADE,
  ADD CONSTRAINT `fk_inv_item_po_item` FOREIGN KEY (`po_item_id`) REFERENCES `purchase_order_items` (`id`);

--
-- Constraints for table `invoice_status_histories`
--
ALTER TABLE `invoice_status_histories`
  ADD CONSTRAINT `fk_inv_hist_invoice` FOREIGN KEY (`invoice_id`) REFERENCES `invoices` (`id`) ON DELETE CASCADE,
  ADD CONSTRAINT `fk_inv_hist_user` FOREIGN KEY (`changed_by`) REFERENCES `users` (`id`);

--
-- Constraints for table `model_has_permissions`
--
ALTER TABLE `model_has_permissions`
  ADD CONSTRAINT `model_has_permissions_ibfk_1` FOREIGN KEY (`permission_id`) REFERENCES `permissions` (`id`) ON DELETE CASCADE;

--
-- Constraints for table `model_has_roles`
--
ALTER TABLE `model_has_roles`
  ADD CONSTRAINT `model_has_roles_ibfk_1` FOREIGN KEY (`role_id`) REFERENCES `roles` (`id`) ON DELETE CASCADE;

--
-- Constraints for table `payments`
--
ALTER TABLE `payments`
  ADD CONSTRAINT `fk_pay_invoice` FOREIGN KEY (`invoice_id`) REFERENCES `invoices` (`id`) ON DELETE CASCADE;

--
-- Constraints for table `payment_status_histories`
--
ALTER TABLE `payment_status_histories`
  ADD CONSTRAINT `fk_pay_hist_payment` FOREIGN KEY (`payment_id`) REFERENCES `payments` (`id`) ON DELETE CASCADE,
  ADD CONSTRAINT `fk_pay_hist_user` FOREIGN KEY (`changed_by`) REFERENCES `users` (`id`);

--
-- Constraints for table `purchase_orders`
--
ALTER TABLE `purchase_orders`
  ADD CONSTRAINT `fk_po_pr` FOREIGN KEY (`pr_id`) REFERENCES `purchase_requests` (`id`) ON DELETE SET NULL,
  ADD CONSTRAINT `fk_po_store` FOREIGN KEY (`store_id`) REFERENCES `stores` (`store_id`) ON DELETE SET NULL,
  ADD CONSTRAINT `fk_po_vendor` FOREIGN KEY (`vendor_id`) REFERENCES `vendors` (`id`);

--
-- Constraints for table `purchase_order_items`
--
ALTER TABLE `purchase_order_items`
  ADD CONSTRAINT `fk_po_item_po` FOREIGN KEY (`po_id`) REFERENCES `purchase_orders` (`id`) ON DELETE CASCADE;

--
-- Constraints for table `purchase_requests`
--
ALTER TABLE `purchase_requests`
  ADD CONSTRAINT `fk_pr_div` FOREIGN KEY (`division_id`) REFERENCES `divisions` (`id`) ON DELETE SET NULL,
  ADD CONSTRAINT `fk_pr_gl` FOREIGN KEY (`gl_account_id`) REFERENCES `gl_accounts` (`id`),
  ADD CONSTRAINT `fk_pr_store` FOREIGN KEY (`store_id`) REFERENCES `stores` (`store_id`) ON DELETE SET NULL,
  ADD CONSTRAINT `fk_pr_user` FOREIGN KEY (`requester_user_id`) REFERENCES `users` (`id`);

--
-- Constraints for table `purchase_request_items`
--
ALTER TABLE `purchase_request_items`
  ADD CONSTRAINT `fk_pr_item_pr` FOREIGN KEY (`pr_id`) REFERENCES `purchase_requests` (`id`) ON DELETE CASCADE;

--
-- Constraints for table `role_has_permissions`
--
ALTER TABLE `role_has_permissions`
  ADD CONSTRAINT `role_has_permissions_ibfk_1` FOREIGN KEY (`permission_id`) REFERENCES `permissions` (`id`) ON DELETE CASCADE,
  ADD CONSTRAINT `role_has_permissions_ibfk_2` FOREIGN KEY (`role_id`) REFERENCES `roles` (`id`) ON DELETE CASCADE;

--
-- Constraints for table `store_approvers`
--
ALTER TABLE `store_approvers`
  ADD CONSTRAINT `store_approvers_ibfk_1` FOREIGN KEY (`store_id`) REFERENCES `stores` (`store_id`) ON DELETE CASCADE,
  ADD CONSTRAINT `store_approvers_ibfk_2` FOREIGN KEY (`role_id`) REFERENCES `roles` (`id`) ON DELETE CASCADE,
  ADD CONSTRAINT `store_approvers_ibfk_3` FOREIGN KEY (`user_id`) REFERENCES `users` (`id`) ON DELETE CASCADE;

--
-- Constraints for table `user_stores`
--
ALTER TABLE `user_stores`
  ADD CONSTRAINT `user_stores_ibfk_1` FOREIGN KEY (`user_id`) REFERENCES `users` (`id`) ON DELETE CASCADE ON UPDATE CASCADE,
  ADD CONSTRAINT `user_stores_ibfk_2` FOREIGN KEY (`store_id`) REFERENCES `stores` (`store_id`) ON DELETE CASCADE ON UPDATE CASCADE;
COMMIT;

/*!40101 SET CHARACTER_SET_CLIENT=@OLD_CHARACTER_SET_CLIENT */;
/*!40101 SET CHARACTER_SET_RESULTS=@OLD_CHARACTER_SET_RESULTS */;
/*!40101 SET COLLATION_CONNECTION=@OLD_COLLATION_CONNECTION */;
